filename,pred_class,confidence,p_crack,p_missing-head,p_paint-off
test_crack.jpg,paint-off,0.5900736451148987,0.40955033898353577,0.00037596726906485856,0.5900736451148987
test_missinghead.jpg,missing-head,0.9868795275688171,0.012774578295648098,0.9868795275688171,0.0003458939027041197
test_paintoff.jpg,crack,0.7474702596664429,0.7474702596664429,0.0006389862974174321,0.25189080834388733
